[
  {
    "id": "tt4154796",
    "href": "https://www.imdb.com/title/tt4154796/",
    "movie_title": "Avengers: End Game",
    "description": "After the devastating events of Avengers: Infinity War (2018), the universe is in ruins With the help of remaining allies, the Avengers assemble once more in order to reverse Thanos actions and restore balance to the universe.",
    "release_date": "2017-04-22",
    "genres": [
      "Action",
      "Adventure",
      "Drama"
    ]
  },
  {
    "id": "tt3",
    "href": "https://www.test.com",
    "movie_title": "Wanted",
    "description": "Hello world",
    "release_date": "2021-11-15",
    "genres": [
      "Action",
      "Crime"
    ]
  },
  {
    "id": "tt33",
    "href": "www.testingagain.com",
    "movie_title": "Testing again",
    "description": "Testing again ",
    "release_date": "2021-12-02",
    "genres": [
      "Action",
      "Comedy"
    ]
  },
  {
    "id": "tt21",
    "movie_title": "Testing again",
    "href": "www.testingagain.com",
    "description": "Testing again ",
    "release_date": "2021-12-02",
    "genres": [
      "Action",
      "Comedy",
      "Adventure"
    ]
  },
  {
    "id": "tt110114",
    "movie_title": "Testar id",
    "href": "testarid.com",
    "description": "testar id",
    "release_date": "2021-12-02",
    "genres": [
      "Drama"
    ]
  }
]